[
    {
        "name": "init",
        "links": [
            "http://www.cs.hmc.edu/~geoff/classes/hmc.cs135.201001/homework/fuse/fuse_doc.html#function-purposes"
        ]
    },
    {
        "name": "destroy",
        "links": [
            "http://www.cs.hmc.edu/~geoff/classes/hmc.cs135.201001/homework/fuse/fuse_doc.html#function-purposes"
        ]
    },
    {
        "name": "readlink",
        "links": [
            "http://pubs.opengroup.org/onlinepubs/9699919799/functions/readlink.html",
            "http://linux.die.net/man/2/readlink"
        ]
    },
    {
        "name": "mknod",
        "links": [
            "http://pubs.opengroup.org/onlinepubs/9699919799/functions/mknod.html",
            "http://linux.die.net/man/2/mknod"
        ]
    },
    {
        "name": "mkdir",
        "links": [
            "http://pubs.opengroup.org/onlinepubs/9699919799/functions/mkdir.html",
            "http://linux.die.net/man/2/mkdir"
        ]
    },
    {
        "name": "unlink",
        "links": [
            "http://pubs.opengroup.org/onlinepubs/9699919799/functions/unlink.html",
            "http://linux.die.net/man/2/unlink"
        ]
    },
    {
        "name": "rmdir",
        "links": [
            "http://pubs.opengroup.org/onlinepubs/9699919799/functions/rmdir.html",
            "http://linux.die.net/man/2/rmdir"
        ]
    },
    {
        "name": "symlink",
        "links": [
            "http://pubs.opengroup.org/onlinepubs/9699919799/functions/symlink.html",
            "http://linux.die.net/man/2/symlink"
        ]
    },
    {
        "name": "rename",
        "links": [
            "http://pubs.opengroup.org/onlinepubs/9699919799/functions/rename.html",
            "http://linux.die.net/man/2/rename"
        ]
    },
    {
        "name": "link",
        "links": [
            "http://pubs.opengroup.org/onlinepubs/9699919799/functions/link.html",
            "http://linux.die.net/man/2/link"
        ]
    },
    {
        "name": "chmod",
        "links": [
            "http://pubs.opengroup.org/onlinepubs/9699919799/functions/chmod.html",
            "http://linux.die.net/man/2/chmod"
        ]
    },
    {
        "name": "chown",
        "links": [
            "http://pubs.opengroup.org/onlinepubs/9699919799/functions/chown.html",
            "http://linux.die.net/man/2/chown"
        ]
    },
    {
        "name": "truncate",
        "links": [
            "http://pubs.opengroup.org/onlinepubs/9699919799/functions/truncate.html",
            "http://linux.die.net/man/2/truncate"
        ]
    },
    {
        "name": "open",
        "links": [
            "http://pubs.opengroup.org/onlinepubs/9699919799/functions/open.html",
            "http://linux.die.net/man/2/open"
        ]
    },
    {
        "name": "read",
        "links": [
            "http://pubs.opengroup.org/onlinepubs/9699919799/functions/read.html",
            "http://linux.die.net/man/2/read"
        ]
    },
    {
        "name": "write",
        "links": [
            "http://pubs.opengroup.org/onlinepubs/9699919799/functions/write.html",
            "http://linux.die.net/man/2/write"
        ]
    },
    {
        "name": "fsync",
        "links": [
            "http://pubs.opengroup.org/onlinepubs/9699919799/functions/fsync.html",
            "http://linux.die.net/man/2/fsync"
        ]
    },
    {
        "name": "readdir",
        "links": [
            "http://pubs.opengroup.org/onlinepubs/9699919799/functions/readdir.html",
            "http://linux.die.net/man/2/readdir"
        ]
    },
    {
        "name": "access",
        "links": [
            "http://pubs.opengroup.org/onlinepubs/9699919799/functions/access.html",
            "http://linux.die.net/man/2/access"
        ]
    },
    {
        "name": "ftruncate",
        "links": [
            "http://pubs.opengroup.org/onlinepubs/9699919799/functions/ftruncate.html",
            "http://linux.die.net/man/2/ftruncate"
        ]
    },
    {
        "name": "ioctl",
        "links": [
            "http://pubs.opengroup.org/onlinepubs/9699919799/functions/ioctl.html",
            "http://linux.die.net/man/2/ioctl"
        ]
    },
    {
        "name": "poll",
        "links": [
            "http://pubs.opengroup.org/onlinepubs/9699919799/functions/poll.html",
            "http://linux.die.net/man/2/poll"
        ]
    },
    {
        "name": "statfs",
        "links": [
            "http://linux.die.net/man/2/statfs"
        ]
    },
    {
        "name": "lock",
        "links": [
            "http://linux.die.net/man/2/lock"
        ]
    },
    {
        "name": "flock",
        "links": [
            "http://linux.die.net/man/2/flock"
        ]
    },
    {
        "name": "fallocate",
        "links": [
            "http://linux.die.net/man/2/fallocate"
        ]
    },
    {
        "name": "setxattr",
        "links": [
            "http://linux.die.net/man/2/setxattr"
        ]
    },
    {
        "name": "getxattr",
        "links": [
            "http://linux.die.net/man/2/getxattr"
        ]
    },
    {
        "name": "listxattr",
        "links": [
            "http://linux.die.net/man/2/listxattr"
        ]
    },
    {
        "name": "removexattr",
        "links": [
            "http://linux.die.net/man/2/removexattr"
        ]
    },
    {
        "name": "getattr",
        "links": [
            "http://pubs.opengroup.org/onlinepubs/9699919799/functions/stat.html",
            "http://linux.die.net/man/2/stat"
        ]
    },
    {
        "name": "fgetattr",
        "links": [
            "http://pubs.opengroup.org/onlinepubs/9699919799/functions/fstat.html",
            "http://linux.die.net/man/2/fstat"
        ]
    },
    {
        "name": "opendir",
        "links": [
            "http://linux.die.net/man/3/opendir"
        ]
    },
    {
        "name": "utime",
        "links": [
            "http://fuse.sourceforge.net/doxygen/structfuse__operations.html#a79955861cc5eb006954476607ef28944"
        ]
    },
    {
        "name": "utimens",
        "links": [
            "http://pubs.opengroup.org/onlinepubs/9699919799/functions/utimensat.html",
            "http://linux.die.net/man/2/utimensat"
        ]
    },
    {
        "name": "create",
        "links": [
            "http://linux.die.net/man/3/creat",
            "http://fuse.sourceforge.net/doxygen/structfuse__operations.html#a97243e0f9268a96236bc3b6f2bacee17"
        ]
    },
    {
        "name": "flush",
        "links": [
            "http://fuse.sourceforge.net/doxygen/structfuse__operations.html#ad4ec9c309072a92dd82ddb20efa4ab14"
        ]
    },
    {
        "name": "release",
        "links": [
            "http://fuse.sourceforge.net/doxygen/structfuse__operations.html#abac8718cdfc1ee273a44831a27393419"
        ]
    },
    {
        "name": "fsyncdir",
        "links": [
            "http://fuse.sourceforge.net/doxygen/structfuse__operations.html#aba5cc1fe9a63ec152ceb19656f243256"
        ]
    },
    {
        "name": "releasedir",
        "links": [
            "http://fuse.sourceforge.net/doxygen/structfuse__operations.html#a729e53d36acc05a7a8985a1a3bbfac1e"
        ]
    },
    {
        "name": "write_buf",
        "links": [
            "http://fuse.sourceforge.net/doxygen/structfuse__operations.html#a89f400083a03ddcc43e47ce126b6761f"
        ]
    },
    {
        "name": "read_buf",
        "links": [
            "http://fuse.sourceforge.net/doxygen/structfuse__operations.html#a1ecbe844d937ffbbe135958bcb28a719"
        ]
    },
    {
        "name": "bmap",
        "links": [
            "http://fuse.sourceforge.net/doxygen/structfuse__operations.html#ae3f3482e33a0eada0292350d76b82901"
        ]
    }
]