[
    {
        "params": [
            "const char *", 
            "struct stat *"
        ], 
        "name": "getattr", 
        "rtype": "int"
    }, 
    {
        "params": [
            "const char *", 
            "char *", 
            "size_t"
        ], 
        "name": "readlink", 
        "rtype": "int"
    }, 
    {
        "params": [
            "const char *", 
            "fuse_dirh_t", 
            "fuse_dirfil_t"
        ], 
        "name": "getdir", 
        "rtype": "int"
    }, 
    {
        "params": [
            "const char *", 
            "mode_t", 
            "dev_t"
        ], 
        "name": "mknod", 
        "rtype": "int"
    }, 
    {
        "params": [
            "const char *", 
            "mode_t"
        ], 
        "name": "mkdir", 
        "rtype": "int"
    }, 
    {
        "params": [
            "const char *"
        ], 
        "name": "unlink", 
        "rtype": "int"
    }, 
    {
        "params": [
            "const char *"
        ], 
        "name": "rmdir", 
        "rtype": "int"
    }, 
    {
        "params": [
            "const char *", 
            "const char *"
        ], 
        "name": "symlink", 
        "rtype": "int"
    }, 
    {
        "params": [
            "const char *", 
            "const char *"
        ], 
        "name": "rename", 
        "rtype": "int"
    }, 
    {
        "params": [
            "const char *", 
            "const char *"
        ], 
        "name": "link", 
        "rtype": "int"
    }, 
    {
        "params": [
            "const char *", 
            "mode_t"
        ], 
        "name": "chmod", 
        "rtype": "int"
    }, 
    {
        "params": [
            "const char *", 
            "uid_t", 
            "gid_t"
        ], 
        "name": "chown", 
        "rtype": "int"
    }, 
    {
        "params": [
            "const char *", 
            "off_t"
        ], 
        "name": "truncate", 
        "rtype": "int"
    }, 
    {
        "params": [
            "const char *", 
            "struct utimbuf *"
        ], 
        "name": "utime", 
        "rtype": "int"
    }, 
    {
        "params": [
            "const char *", 
            "struct fuse_file_info *"
        ], 
        "name": "open", 
        "rtype": "int"
    }, 
    {
        "params": [
            "const char *", 
            "char *", 
            "size_t", 
            "off_t", 
            "struct fuse_file_info *"
        ], 
        "name": "read", 
        "rtype": "int"
    }, 
    {
        "params": [
            "const char *", 
            "const char *", 
            "size_t", 
            "off_t", 
            "struct fuse_file_info *"
        ], 
        "name": "write", 
        "rtype": "int"
    }, 
    {
        "params": [
            "const char *", 
            "struct statvfs *"
        ], 
        "name": "statfs", 
        "rtype": "int"
    }, 
    {
        "params": [
            "const char *", 
            "struct fuse_file_info *"
        ], 
        "name": "flush", 
        "rtype": "int"
    }, 
    {
        "params": [
            "const char *", 
            "struct fuse_file_info *"
        ], 
        "name": "release", 
        "rtype": "int"
    }, 
    {
        "params": [
            "const char *", 
            "int", 
            "struct fuse_file_info *"
        ], 
        "name": "fsync", 
        "rtype": "int"
    }, 
    {
        "params": [
            "const char *", 
            "const char *", 
            "const char *", 
            "size_t", 
            "int", 
            "uint32_t"
        ], 
        "name": "setxattr", 
        "rtype": "int"
    }, 
    {
        "params": [
            "const char *", 
            "const char *", 
            "char *", 
            "size_t", 
            "uint32_t"
        ], 
        "name": "getxattr", 
        "rtype": "int"
    }, 
    {
        "params": [
            "const char *", 
            "char *", 
            "size_t"
        ], 
        "name": "listxattr", 
        "rtype": "int"
    }, 
    {
        "params": [
            "const char *", 
            "const char *"
        ], 
        "name": "removexattr", 
        "rtype": "int"
    }, 
    {
        "params": [
            "const char *", 
            "struct fuse_file_info *"
        ], 
        "name": "opendir", 
        "rtype": "int"
    }, 
    {
        "params": [
            "const char *", 
            "void *", 
            "fuse_fill_dir_t", 
            "off_t", 
            "struct fuse_file_info *"
        ], 
        "name": "readdir", 
        "rtype": "int"
    }, 
    {
        "params": [
            "const char *", 
            "struct fuse_file_info *"
        ], 
        "name": "releasedir", 
        "rtype": "int"
    }, 
    {
        "params": [
            "const char *", 
            "int", 
            "struct fuse_file_info *"
        ], 
        "name": "fsyncdir", 
        "rtype": "int"
    }, 
    {
        "params": [
            "struct fuse_conn_info *conn"
        ], 
        "name": "init", 
        "rtype": "void *"
    }, 
    {
        "params": [
            "void *"
        ], 
        "name": "destroy", 
        "rtype": "void"
    }, 
    {
        "params": [
            "const char *", 
            "int"
        ], 
        "name": "access", 
        "rtype": "int"
    }, 
    {
        "params": [
            "const char *", 
            "mode_t", 
            "struct fuse_file_info *"
        ], 
        "name": "create", 
        "rtype": "int"
    }, 
    {
        "params": [
            "const char *", 
            "off_t", 
            "struct fuse_file_info *"
        ], 
        "name": "ftruncate", 
        "rtype": "int"
    }, 
    {
        "params": [
            "const char *", 
            "struct stat *", 
            "struct fuse_file_info *"
        ], 
        "name": "fgetattr", 
        "rtype": "int"
    }, 
    {
        "params": [
            "const char *", 
            "struct fuse_file_info *", 
            "int cmd", 
            "struct flock *"
        ], 
        "name": "lock", 
        "rtype": "int"
    }, 
    {
        "params": [
            "const char *", 
            "const struct timespec tv[2]"
        ], 
        "name": "utimens", 
        "rtype": "int"
    }, 
    {
        "params": [
            "const char *", 
            "size_t blocksize", 
            "uint64_t *idx"
        ], 
        "name": "bmap", 
        "rtype": "int"
    }, 
    {
        "params": [
            "void *", 
            "void *", 
            "void *", 
            "void *", 
            "void *", 
            "void *", 
            "void *", 
            "void *"
        ], 
        "name": "reserved00", 
        "rtype": "int"
    }, 
    {
        "params": [
            "void *", 
            "void *", 
            "void *", 
            "void *", 
            "void *", 
            "void *", 
            "void *", 
            "void *"
        ], 
        "name": "reserved01", 
        "rtype": "int"
    }, 
    {
        "params": [
            "void *", 
            "void *", 
            "void *", 
            "void *", 
            "void *", 
            "void *", 
            "void *", 
            "void *"
        ], 
        "name": "reserved02", 
        "rtype": "int"
    }, 
    {
        "params": [
            "void *", 
            "void *", 
            "void *", 
            "void *", 
            "void *", 
            "void *", 
            "void *", 
            "void *"
        ], 
        "name": "reserved03", 
        "rtype": "int"
    }, 
    {
        "params": [
            "void *", 
            "void *", 
            "void *", 
            "void *", 
            "void *", 
            "void *", 
            "void *", 
            "void *"
        ], 
        "name": "reserved04", 
        "rtype": "int"
    }, 
    {
        "params": [
            "void *", 
            "void *", 
            "void *", 
            "void *", 
            "void *", 
            "void *", 
            "void *", 
            "void *"
        ], 
        "name": "reserved05", 
        "rtype": "int"
    }, 
    {
        "params": [
            "void *", 
            "void *", 
            "void *", 
            "void *", 
            "void *", 
            "void *", 
            "void *", 
            "void *"
        ], 
        "name": "reserved06", 
        "rtype": "int"
    }, 
    {
        "params": [
            "void *", 
            "void *", 
            "void *", 
            "void *", 
            "void *", 
            "void *", 
            "void *", 
            "void *"
        ], 
        "name": "reserved07", 
        "rtype": "int"
    }, 
    {
        "params": [
            "void *", 
            "void *", 
            "void *", 
            "void *", 
            "void *", 
            "void *", 
            "void *", 
            "void *"
        ], 
        "name": "reserved08", 
        "rtype": "int"
    }, 
    {
        "params": [
            "void *", 
            "void *", 
            "void *", 
            "void *", 
            "void *", 
            "void *", 
            "void *", 
            "void *"
        ], 
        "name": "reserved09", 
        "rtype": "int"
    }, 
    {
        "params": [
            "void *", 
            "void *", 
            "void *", 
            "void *", 
            "void *", 
            "void *", 
            "void *", 
            "void *"
        ], 
        "name": "reserved10", 
        "rtype": "int"
    }, 
    {
        "params": [
            "const char *"
        ], 
        "name": "setvolname", 
        "rtype": "int"
    }, 
    {
        "params": [
            "const char *", 
            "const char *", 
            "unsigned long"
        ], 
        "name": "exchange", 
        "rtype": "int"
    }, 
    {
        "params": [
            "const char *", 
            "struct timespec *bkuptime", 
            "struct timespec *crtime"
        ], 
        "name": "getxtimes", 
        "rtype": "int"
    }, 
    {
        "params": [
            "const char *", 
            "const struct timespec *tv"
        ], 
        "name": "setbkuptime", 
        "rtype": "int"
    }, 
    {
        "params": [
            "const char *", 
            "const struct timespec *tv"
        ], 
        "name": "setchgtime", 
        "rtype": "int"
    }, 
    {
        "params": [
            "const char *", 
            "const struct timespec *tv"
        ], 
        "name": "setcrtime", 
        "rtype": "int"
    }, 
    {
        "params": [
            "const char *", 
            "uint32_t"
        ], 
        "name": "chflags", 
        "rtype": "int"
    }, 
    {
        "params": [
            "const char *", 
            "struct setattr_x *"
        ], 
        "name": "setattr_x", 
        "rtype": "int"
    }, 
    {
        "params": [
            "const char *", 
            "struct setattr_x *", 
            "struct fuse_file_info *"
        ], 
        "name": "fsetattr_x", 
        "rtype": "int"
    }
]